Content,Video title,Video publish time,Duration,Engaged views,Average view duration,Average percentage viewed (%),Stayed to watch (%),Unique viewers,Average views per viewer,Views,Watch time (hours),Subscribers,Impressions,Impressions click-through rate (%)
Total,,,,258703,0:00:14,95.12,61.72,0,0,262970,1014.3819,489,40274,3.86
7eipuDEuaO8,DAY 9 MOTIVATION | 100 DAYS MOTIVATION,"Dec 21, 2024",29,21557,0:00:23,81.88,52.9,,,21570,142.1988,43,3214,4.32
aQn5cY056-I,CAN YOU RELATE ? Relatable Meme #meme #relate #reaction #funnyimag,"Oct 10, 2024",8,14909,0:00:13,173.94,67.94,,,14914,57.6287,10,290,3.1
jZH-egB60Iw,Relatable video meme hai #meme #funny #funnyimages #funnymemes,"Oct 2, 2024",8,14016,0:00:10,130.36,73.16,,,14017,40.6041,7,201,1.99
P8-AE0eUy14,Relatable Meme ever #6 #meme #funnyimages #laugh,"Oct 3, 2024",8,13793,0:00:11,137.91,76.85,,,13793,42.2717,2,213,0.94
o4gl_2XVT_4,MEME PART #1,"Sep 24, 2024",8,13741,0:00:12,153.34,73.02,,,13742,46.8244,37,281,3.2
Wwn2VmoWLWI,#2 Meme ever #meme,"Sep 28, 2024",6,13435,0:00:13,230.85,76.11,,,13437,51.6916,12,209,2.39
VFZV8JiSEpQ,Most relatable Meme #3 #meme #funnyimages,"Oct 3, 2024",8,13340,0:00:11,149.3,78.26,,,13340,44.2599,99,407,3.19
R1SS3L9DZVc,Can you  relatable ? Meme #meme #funny #funnyimages,"Oct 2, 2024",8,13261,0:00:10,134.95,75.03,,,13262,39.7683,10,214,1.4
sgcIUMlmod4,Anyone else relate? 🙋‍♀️ #Meme #Relatable #Life #Funny,"Nov 5, 2024",8,12896,0:00:09,123.25,69.66,,,12896,35.3218,4,436,0.92
E7MbhbFyCXk,Can You Relate? 🤪#RelatableMemes l #MemeMonday #FunnyMemes,"Oct 10, 2024",8,9820,0:00:11,143.19,73.32,,,9820,31.2468,13,231,0
n7WdVw1lfms,Relatable Meme hai #meme #funny #funnyimages #reaction,"Oct 4, 2024",8,9393,0:00:10,133.55,82.95,,,9393,27.8767,5,172,2.33
KbpNe2KYFHo,Meme #meme #funny #funnyimages #reaction #14324,"Sep 30, 2024",8,8014,0:00:13,166.95,69.35,,,8016,29.7331,31,344,4.94
5edRTtM0EWA,Jumping on the diwali trend! 🕺 #Trend #Meme #Video #Funny,"Oct 28, 2024",8,7770,0:00:08,105.94,67.94,,,7770,18.2923,9,338,0.59
iN3cRV-IBeA,DAY 30 SELF IMPROVEMENT| growth mindset #motivation  #fixedmindset #achieveyourgoals,"Mar 7, 2025",44,7100,0:00:26,60.58,64.21,,,7124,52.5765,67,1515,2.38
FSG-_GBFCY8,Related meme  ever #funny #funnymemepicture #memes,"Oct 7, 2024",8,6222,0:00:11,144.53,80.11,,,6222,19.9837,5,122,0
kemfIQLohdo,unfear delivery Edit #trollface #edit,"Jul 6, 2024",18,5644,0:00:16,93.82,52.86,,,5646,26.4757,37,396,5.3
SaR-74eiCfk,Can You Relate? 🤪 ? Relatable Meme #meme #relate #reaction #funnyimages,"Oct 10, 2024",8,4582,0:00:11,146.21,77.92,,,4582,14.8876,5,87,1.15
Nm9XQ_yGu8M,DAY 26 SELF IMPROVEMENT| GROWTH MINDSET,"Feb 28, 2025",60,4127,0:00:27,46.66,66.3,,,4130,32.0966,24,1158,2.25
7NH0XpYrJ2A,Meme ever #meme #funny #funnyimages,"Sep 30, 2024",8,3732,0:00:12,151.01,67.14,,,3732,12.5234,5,195,2.05
2cxC2OkpNO4,Do you ever feel like this? 🤪 #Relatable #Meme,"Nov 5, 2024",8,3659,0:00:11,148.94,69.92,,,3659,12.1104,6,332,0.6
NJ6GljAyuWI,When you're feeling a little too relatable. 😂 #Meme #Mood #Life,"Oct 16, 2024",8,3545,0:00:10,130.78,64.98,,,3545,10.3024,3,381,0.26
O22wYtRxyZU,DAY 15 MOTIVATION| 100 DAYS MOTIVATION #motivation #mindset,"Dec 26, 2024",31,3500,0:00:18,58.15,62.53,,,3501,17.5276,10,519,3.08
YM-MYCk9tB0,CAN YOU RELATE ? Relatable Meme #meme #relate #reaction #funnyimage #meme,"Oct 15, 2024",8,2652,0:00:09,117.96,67.55,,,2652,6.952,3,145,0.69
Fs4aXgo3zyg,Can Relate meme #funnymemepicture #meme,"Oct 7, 2024",8,2331,0:00:10,126.25,45.72,,,2331,6.5398,2,97,0
srSvVzZId1g,Jumping on the MORNING trend! 🕺 #Trend #Meme #Video #Funny,"Oct 29, 2024",8,2288,0:00:11,143.56,62.61,,,2288,7.2992,6,273,3.3
3hjNavIT8vI,most Related meme ? #funny #funnymemepicture #memes,"Oct 7, 2024",8,2260,0:00:11,141.36,59.61,,,2260,7.0994,0,96,1.04
RHIBy1y7RYc,Meme #meme #funny #funnyimages,"Sep 30, 2024",8,2215,0:00:11,140.12,62.13,,,2215,6.8971,3,97,2.06
1T377Gr8uII,DAY 29 SELF IMPROVEMENT| GROWTH MINDSET #motivation #changeyourmindsetchangeyourlife,"Mar 5, 2025",57,1742,0:00:25,45.21,48.47,,,1744,12.4693,11,531,5.84
M2ZBlJmlzbo,Relatable Meme ever seen #meme #funnyimages,"Oct 4, 2024",8,1637,0:00:10,128.25,46.21,,,1638,4.6653,1,112,1.79
mYMCxVELfoI,Do you ever feel like this? 🤪 #Relatable #Meme #Mood #Funny,"Oct 15, 2024",8,1382,0:00:13,162.59,68.96,,,1383,4.9943,1,176,2.27
fMUkEZ0f-_Q,DAY 34 SELF IMPROVEMENT| GROWTH MINDSET| #selfimprovement #motivation,"Apr 6, 2025",59,1113,0:00:14,24.86,25.04,,,4330,5.9445,3,369,2.44
FCLcnnTpmjo,CAN YOU RELATE ? Relatable Meme #meme #relate #reaction #funnyimage,"Oct 15, 2024",8,1049,0:00:10,125.7,69.33,,,1050,2.9307,0,101,1.98
V6Krpr0Xqw4,Meme hai #meme #funny funny #reaction,"Oct 1, 2024",6,932,0:00:11,196.53,74.32,,,932,3.0527,6,137,5.11
Wiy9FAumpxM,Do you ever feel like this? 🤪 #Relatable #Meme #Mood #Funny,"Oct 15, 2024",8,877,0:00:09,115.35,74.89,,,877,2.2481,3,182,0.55
YdfVjKM6aks,DAY 27 SELF IMPROVEMENT|  MOTIVATION STAY,"Mar 1, 2025",37,810,0:00:24,65.49,63.32,,,813,5.4519,7,490,6.33
NS9lD29-yxc,Me trying to explain my feelings. 😵‍💫 #Meme #Relatable #Mood #Funny,"Oct 15, 2024",8,775,0:00:09,115.86,71.49,,,775,1.9953,0,143,0
okraIe_ajjw,DAY 7 MOTIVATION| 100DAYS MOTIVATION,"Dec 18, 2024",25,755,0:00:19,78.56,45.47,,,755,4.1189,0,409,1.96
CBh9_SldWt0,DAY 14 MOTIVATION| 100 DAYS MOTIVATION #motivation #mindset,"Dec 23, 2024",50,752,0:00:19,38.34,43.95,,,753,4.0042,2,368,5.16
BYeJV0FiH5w,DAY 13 MOTIVATION| 100 DAYS MOTIVATION #motivation #mindset,"Dec 23, 2024",38,699,0:00:29,77.35,58.84,,,699,5.7071,1,427,5.62
tZimwlSdTq0,When you're feeling a little too relatable. 😂 #Meme #Mood #Life #Funny,"Oct 15, 2024",8,697,0:00:11,146.63,51.71,,,697,2.2711,1,127,0.79
9SMUsGtxUUs,Relatable Meme ever #meme #funnyimages,"Oct 4, 2024",8,665,0:00:09,123.49,47.81,,,665,1.8248,0,91,1.1
O-yEaVH4MYM,That I can relate #meme,"Nov 5, 2024",8,639,0:00:09,114.4,48.89,,,639,1.6245,1,224,0.89
xcWDiNMAkoE,CAN YOU RELATE ? Relatable Meme #meme #relate #reaction #funnyimag,"Oct 10, 2024",8,638,0:00:09,117.44,56.21,,,638,1.6651,0,77,3.9
RRt7t53CFhY,DAY 33 SELF IMPROVEMENT,"Apr 4, 2025",60,635,0:00:26,44.8,59.87,,,1105,4.9777,1,207,3.38
Q_wEaHvIzok,MINECRAFT REPLAY MOD DOWNLOAD FREE,"Sep 13, 2024",21,612,0:00:11,55.53,47.41,,,612,1.9825,0,851,2.59
AtrM-C7aiWU,DAY 11 MOTIVATION| 100DAYS MOTIVATION,"Dec 22, 2024",39,601,0:00:23,61.48,46.08,,,602,4.0027,2,317,2.21
Ywjk_KyVLr0,Cringe Video meme ever,"Sep 24, 2024",7,596,0:00:13,190.37,33.56,,,596,2.2062,0,110,2.73
q4ZHmxK71Mg,DAY 32 SELF IMPROVEMENT,"Mar 10, 2025",44,592,0:00:19,44.89,45.82,,,595,3.2493,1,284,10.21
NOkZapfKPHA,DAY 16 MOTIVATION| 100DAYS MOTIVATION #motivation,"Dec 26, 2024",8,591,0:00:08,111.08,52.96,,,593,1.4588,1,315,3.81
CwMAN01GaQU,"Relatable Meme bro #meme ,#funny #funnyimages #reaction","Oct 4, 2024",8,566,0:00:07,98.33,40.43,,,566,1.2367,0,97,2.06
s6QCvYRvm4E,Relatable ? Meme #meme #funny,"Oct 2, 2024",8,564,0:00:12,158.36,49.65,,,564,1.9848,0,73,0
j2bEwTyqYaE,DAY 12 MOTIVATION STAY|100 DAYS MOTIVATION,"Dec 22, 2024",39,556,0:00:18,48.56,49.07,,,557,2.9252,3,390,1.54
3od9LXpwpxg,Anyone else relate to this vibe? 🙋‍♀️ #Relatable #Meme #Mood #Life,"Oct 15, 2024",8,554,0:00:09,122.35,59.38,,,554,1.5063,3,173,0.58
7PBlT_fbrJE,My skills Part 2 misunderstanding,"Sep 2, 2024",27,553,0:00:13,49.26,28.29,,,554,2.0433,1,139,10.07
rX74J5iioqY,STAY MOTIVATION DAY 5 | 100 DAYS MOTIVATION,"Dec 18, 2024",35,553,0:00:16,47.07,24.12,,,554,2.5309,0,261,3.83
J1NOIf75sEQ,Anyone else relate? 🙋‍♀️ #Meme #Relatable #Life #Funny,"Nov 6, 2024",8,547,0:00:08,108.09,48.84,,,548,1.3139,0,249,0.8
JnMtBOhnrtk,Relate meme #funnymemepicture,"Oct 6, 2024",8,540,0:00:09,119.46,46.67,,,540,1.4335,0,65,0
NCtj7z5TK1Q,DAY 19 SELF IMPROVEMENT MOTIVATION| 100DAYS MOTIVATE,"Dec 29, 2024",20,540,0:00:13,66.11,53.86,,,542,1.9844,6,351,0.85
28vbjDvrw1I,STAY MOTIVATION DAY 4| 100DAYS MOTIVATION,"Dec 17, 2024",35,534,0:00:17,49.59,33.8,,,535,2.5746,0,221,1.36
REwBRCDGnvM,CHICKEN IN MATCH #tomato,"Aug 8, 2024",17,530,0:00:16,97.6,37.54,,,531,2.4431,0,234,2.99
t6NsNCAdT9c,It's relate #funny #funnymemepicture #memes,"Oct 7, 2024",8,511,0:00:08,101.48,35,,,511,1.1524,0,69,1.45
PKMDC8-Vc3g,Day 17 motivation|SELF-IMPROVEMENT 100 days motivation #mindset,"Dec 27, 2024",60,509,0:00:25,41.94,32.24,,,510,3.558,2,458,4.59
1MQbE0LWHz0,Alone PT.II | Lyrics aesthetics edit,"Oct 14, 2024",37,496,0:00:23,63.08,16.43,,,497,3.216,0,206,3.88
ttnuUDjiQJ4,When you're feeling a little too relatable. 😂 #Meme #Mood #Life #Funny,"Oct 15, 2024",8,474,0:00:09,122.61,54.92,,,474,1.2915,0,111,1.8
5H1nXRPO4ss,STAY MOTIVATION DAY 6 |100 DAYS MOTIVATION,"Dec 18, 2024",33,470,0:00:18,56.47,55.37,,,470,2.4328,0,283,1.77
ItY75MU5q8A,STAY MOTIVATION DAY 5 | 100 DAYS MOTIVATION,"Dec 18, 2024",61,465,0:00:20,33.42,18.03,,,466,2.6331,2,267,4.12
vQS4eg09LOw,Meme Monday: Feeling Seen? Relatable Meme #meme #relate #reaction #funnyimag,"Oct 10, 2024",8,462,0:00:09,114.36,39.29,,,462,1.1741,0,90,0
HvACYzH2V28,DAY 10 Motivation| 100 days motivation  #motivation #selfimprovement,"Dec 21, 2024",48,459,0:00:25,53.97,51.17,,,459,3.3032,1,339,2.95
4TORvi_U6Nk,Stay motivated #3,"Sep 28, 2024",10,441,0:00:10,108.66,26.25,,,441,1.331,0,157,0
Bw-hXrH9MnY,TRIDENT 🔱 EDIT ?,"Jul 26, 2024",29,438,0:00:15,52.25,30.62,,,438,1.8435,4,174,9.2
d4FmTGY3mds,Motivation #3 #motivation #hardlife,"Sep 28, 2024",10,437,0:00:10,107.84,24.58,,,437,1.3091,1,145,3.45
f3ECthjgwyA,Related Meme #funny #funnyimages,"Oct 7, 2024",8,429,0:00:08,108.85,46.33,,,430,1.038,0,73,2.74
fHPRyGIOeaU,BMW EDIT NOWADAYS TO THEN #shorts,"Oct 1, 2024",32,427,0:00:15,49.75,33.86,,,427,1.8882,1,128,3.91
tFPPPPJHLOw,Most relatable Meme ever #5 #funnyimages #meme,"Oct 3, 2024",8,424,0:00:08,101.41,51.52,,,424,0.9555,2,82,1.22
nH5JcgFgpic,FUNNY MEMES EVER YOU SEEN #memesdaily,"Sep 25, 2024",8,420,0:00:08,111.43,54.4,,,420,1.04,0,104,2.88
942tEXfPXqM,Relates accurate meme ever #funnymemepicture,"Oct 6, 2024",8,407,0:00:12,152.89,53.55,,,407,1.3828,1,75,1.33
Z0OemWQ5lf8,BMW EDIT NOWADAYS TO THEN |||EDIT,"Oct 2, 2024",32,397,0:00:19,62.19,,,,397,2.1945,1,3504,9.7
msmHpoci8E0,UNTOLD ABOUT HOLYFAITH ACADEMY,"Mar 5, 2025",149,385,0:00:50,33.77,,,,385,5.3805,3,3462,5.4
975rh9_Qx5I,DAY 20 SELF IMPROVEMENT| 100DAYS   MOTIVATION,"Dec 29, 2024",11,380,0:00:15,137.45,20.11,,,380,1.5959,0,332,4.22
33AKfIKHNDc,DAY 18 SELF-IMPROVEMENT | 100 DAYS MOTIVATION #motivation #mindset #selfimprovement,"Dec 28, 2024",13,268,0:00:09,73.85,18.57,,,268,0.7147,1,253,2.77
fDPAXPV6Iwc,People aesthetic edit,"Oct 12, 2024",37,222,0:00:13,35.47,12.13,,,222,0.8094,1,92,3.26
u70j_Vwo2JU,Psd1 High security redstone build,"Jan 26, 2024",48,222,0:00:25,52.93,24.42,,,223,1.5668,0,313,10.22
tqYjU84bfGk,Do you ever feel like this? 🤪 #Relatable #Meme,"Oct 15, 2024",8,204,0:00:09,116.26,69.86,,,204,0.527,0,144,0
5bM0_rYeC5c,FUNNY MEMES #meme #shorts #memes #reaction,"Sep 25, 2024",8,200,0:00:09,123.19,31.7,,,200,0.5475,0,93,2.15
nb0qYQZW5m0,DAY 31 SELF IMPROVEMENT| GROWTH MINDSET #motivation #selfimprovement,"Mar 9, 2025",44,159,0:00:28,64.32,46.88,,,162,1.2514,3,390,6.41
YILGXhAth9g,jagannath yatra  Edit,"Jul 7, 2024",39,151,0:00:11,29.1,25.25,,,152,0.476,0,122,6.56
2tMHxgS7bQk,SELF IMPROVEMENT DAY 23 | 100DAYS MOTIVATION #motivation #millionairemindset,"Jan 2, 2025",60,148,0:00:26,44.99,51.76,,,148,1.1097,3,388,2.58
Lb159xCnsOw,MOTIVATION DAY 8  | 100DAYS MOTIVATION,"Dec 18, 2024",25,138,0:00:15,62.73,29.05,,,138,0.6012,0,291,1.37
yiWGPz_Zpi8,CHADI GANG IS Non - stopable Undefeated gang | @PSD1 @NotStevee69 @deopboii #shorts,"Feb 10, 2024",53,130,0:00:26,49.84,21.89,,,130,0.9539,0,187,3.74
GlnPMu5AjD0,ca you stop this video,"Jul 9, 2024",18,118,0:00:13,72.99,32.42,,,119,0.4306,0,137,2.92
 -XSxJ5l8ZKA,When you're feeling a little too relatable. 😂 #Meme #Mood #Life,"Oct 16, 2024",8,111,0:00:09,123.59,42.21,,,111,0.3049,0,208,0.96
I6ea9lRZjGE,A misunderstanding With You,"Jun 18, 2024",30,106,0:00:18,62.62,42.57,,,110,0.5531,1,151,9.93
WXykPlGQ3uI,DAY 21 SELF-IMPROVEMENT| 100 DAYS MOTIVATION,"Dec 31, 2024",17,104,0:00:12,74.05,41.11,,,106,0.3639,1,319,1.88
JQJfCkg1OgI,THE DICTATOR #edit,"Aug 7, 2024",34,102,0:00:19,56.65,30.26,,,108,0.5465,1,319,4.7
NjXA9TFe6yc,THE SKILL EDIT #BGMI,"Dec 20, 2024",42,99,0:00:15,37.44,26.47,,,101,0.4328,0,306,1.96
I9_a4UCUXUs,AGAIN DAY 26 SELF IMPROVEMENT #motivation #selfdiscoveryjourney,"Jan 25, 2025",37,96,0:01:11,194.08,72.87,,,96,1.9149,0,318,5.66
P9EOj7zVk28,3 days | motivation,"Dec 16, 2024",34,85,0:00:21,62.29,30.58,,,88,0.5005,0,250,6
ZNTa1-r5eCA,DAY 24 SELF-IMPROVEMENT #motivation #30daysofchangingyourlife,"Jan 12, 2025",60,60,0:00:45,75.2,74.29,,,62,0.7527,0,458,1.75
KG0YRJoTuGw,Anime Movies Using AI,"Mar 14, 2025",140,51,0:00:43,30.9,,,,51,0.6129,1,282,5.67
bz8wKlqnZ3w,If PVP in Game|@eminem,"Jan 18, 2024",35,50,0:00:17,49.54,32.89,,,51,0.2416,0,102,6.86
fHU4Vgh2T0U,BGMI DEFEATED EDIT,"Jul 5, 2024",26,40,0:00:17,67.57,17.47,,,41,0.1955,1,129,5.43
MpR5qnSc1rw,Motivation speech #5,"Sep 17, 2024",17,39,0:00:08,48.81,11.89,,,39,0.0899,0,72,2.78
Bux5GrNzOZg,Era is where?,"Oct 28, 2024",28,28,0:00:15,56.48,22.22,,,28,0.123,1,253,2.77
fkdXByt1N8s,DAY 21 SELF-IMPROVEMENT| 100 DAYS MOTIVATION #Motivation #Mindset,"Dec 30, 2024",14,24,0:00:13,98.21,52.27,,,24,0.0917,0,281,1.42
uWXR24Lye_A,We are the world lyrics,"Sep 11, 2024",422,20,0:00:29,7.1,,,,20,0.1664,0,428,4.21
YAy2SzciTns,Mastermind God Known as @PSD1 #shorts,"Jan 19, 2024",54,19,0:00:31,58.96,41.3,,,21,0.1694,0,209,1.44
q2456ZkAvso,#meme #funnyimages Part 6,"Sep 30, 2024",8,14,0:00:07,95.45,60.87,,,14,0.0297,0,77,1.3
D7cQ6GsKBi4,MANHUNTS TO @PSD1 | CLIPS #headstealsmp,"Jan 30, 2024",25,13,0:00:17,69.27,52,,,15,0.0629,0,146,1.37
AiEZMTZzwEg,MOTIVATION SPEECH #3,"Sep 15, 2024",15,10,0:00:12,85.4,45.45,,,10,0.0356,0,96,4.17
LUyFf6clhjY,New German shepherd @DRshorts #appkaliipa,"Jun 7, 2024",55,10,0:00:31,57.44,22.73,,,14,0.0895,0,235,1.7
WaXCgLDfdAs,Feeling this today? 🤪 #Relatable #Meme #Mood #Life,"Oct 15, 2024",8,10,0:00:06,86.75,43.48,,,10,0.0193,0,86,0
4eEOH198wZc,That relates with you #meme #funny #funnymemepicture,"Oct 5, 2024",8,9,0:00:10,125.15,52.94,,,9,0.025,0,66,9.09
PaL4yTtNc8k,MOTIVATION SPEECH #5,"Sep 17, 2024",16,9,0:00:13,82.78,33.33,,,9,0.0331,0,92,4.35
HRw3_bIK9Sk,#meme #funny video is #5,"Sep 30, 2024",8,8,0:00:06,84.84,38.1,,,9,0.0153,0,88,0
9jQWxpEvS38,Laughing so hard at this! 😂 #Reaction #Meme #Video #Funny,"Oct 15, 2024",8,7,0:00:07,97.14,58.33,,,7,0.0151,0,155,0
nQtdVwzi2i4,MOTIVATION SPEECH #1,"Sep 15, 2024",14,7,0:00:11,82.19,46.67,,,7,0.0224,0,58,1.72
CR1lUcDLwFI,CAN YOU RELATE ? Relatable Meme #meme #relate #reaction #funnyimage,"Oct 10, 2024",8,6,0:00:08,106.67,100,,,7,0.0142,1,44,4.55
rb1-SlRnhp8,Motivation Stay #4 #motivation #billionaire #millionaire #mindset,"Sep 28, 2024",10,6,0:00:07,76.15,26.32,,,6,0.0127,0,99,4.04
7JziWHOEb0E,Meme Monday: Feeling SeenCAN YOU RELATE ? Relatable Meme #meme #relate #reaction #funnyimag,"Oct 10, 2024",8,5,0:00:10,129,45.45,,,5,0.0143,0,141,1.42
BkQvQAXDHwc,CAN YOU RELATE ? Relatable Meme #meme #relate #reaction #funnyimag,"Oct 10, 2024",8,5,0:00:08,107.5,71.43,,,5,0.0119,0,69,1.45
SIBrgh5FQhY,Motivation speech #2,"Sep 15, 2024",17,5,0:00:28,165.65,38.46,,,5,0.0391,0,78,1.28
lt7yJfAvvfY,Laughing so hard at this! 😂 #Reaction #Meme #Video #Funny,"Oct 15, 2024",8,5,0:00:08,109.75,50,,,5,0.0122,0,143,0
wEijEyBaG-4,When your life is a meme. 😂 #Relatable #Funny #Life #Meme,"Oct 15, 2024",8,5,0:00:09,122.25,50,,,5,0.0136,0,103,0
AOPNENYljv8,Jumping on the Morning trend! 🕺 #Trend #Meme #Video #Funny,"Oct 28, 2024",8,4,0:00:08,105.31,19.05,,,5,0.0099,0,192,0
EF4aPe7Xem8,Too relatable Meme Laughing so hard at this! 😂 #Reaction #Meme #Video #Funny,"Oct 15, 2024",8,4,0:00:09,124.06,44.44,,,5,0.011,0,90,1.11
R1KOT_S-8yY,Meme Monday: Feeling Seen#RelatableMemes #MemeMonday  #FunnyMemes  #CanYouRelate,"Oct 10, 2024",8,4,0:00:08,112.19,40,,,5,0.0105,0,74,0
b-0v12ROUgU,CAN YOU RELATE ? Relatable Meme #meme #relate #reaction #funnyimag,"Oct 10, 2024",8,4,0:00:08,107.81,100,,,4,0.0096,0,48,0
8Ykb3DYEc4M,MOTIVATION #4,"Sep 17, 2024",15,3,0:00:09,65.56,13.04,,,3,0.0082,0,86,0
K2mnFvWYx1k,Feeling this today? 🤪 #Relatable #Meme #Mood #Life,"Oct 15, 2024",8,3,0:00:11,143.04,33.33,,,3,0.0095,0,122,0
Sqa_UGqJYOE,Do you ever feel like this? 🤪 #Relatable #Meme #Mood #Funny,"Oct 15, 2024",8,2,0:00:08,106.25,50,,,2,0.0047,0,140,0.71
gATynLSQAgY,Feeling this today? 🤪 #Relatable #Meme #Mood #Life,"Oct 15, 2024",8,2,0:00:11,145,16.67,,,2,0.0064,0,136,0
KQlzEB6RinE,When you're feeling a little too relatable. 😂 #Meme #Mood #Life #Funny,"Oct 15, 2024",8,1,0:00:10,130,100,,,1,0.0029,0,79,1.27
gfgIuHOdv4I,When your life is a meme. 😂 #Relatable #Funny #Life #Meme,"Oct 15, 2024",8,1,0:00:21,265,50,,,1,0.0059,0,84,0
p9uyFpWa-uM,Can't stop laughing at this! 😂 #Funny #Meme #LOL #Comedy,"Oct 15, 2024",8,1,0:00:07,95,11.11,,,1,0.0021,0,140,0
-1utgX_8XEU,This is my daily struggle. 😫 #Relatable #Meme #Funny #Life,"Oct 15, 2024",8,0,,,0,,,0,0,0,110,0
471jVUSSxKA,Anyone else relate? 🙋‍♀️ #Meme #Relatable #Life #Funny,,8,0,,,0,,,0,0,0,0,
